{"accuracy": [0.5677000284194946, 0.6815000176429749, 0.7489500045776367, 0.7821499705314636, 0.8082000017166138, 0.8378499746322632, 0.857450008392334, 0.8757500052452087, 0.8861500024795532, 0.8946499824523926, 0.9003000259399414, 0.9090999960899353, 0.9102500081062317, 0.9172000288963318, 0.92044997215271, 0.925000011920929, 0.9243999719619751, 0.9397000074386597, 0.9434499740600586, 0.9448000192642212, 0.9531999826431274], "loss": [0.676489531993866, 0.5935018062591553, 0.5108059644699097, 0.45928505063056946, 0.41293632984161377, 0.36165308952331543, 0.3213135600090027, 0.2878674268722534, 0.26746100187301636, 0.24648405611515045, 0.2338290810585022, 0.21728572249412537, 0.21248804032802582, 0.1976410150527954, 0.19008521735668182, 0.17931696772575378, 0.18062837421894073, 0.14456959068775177, 0.13580836355686188, 0.13777479529380798, 0.11372044682502747], "val_accuracy": [0.6395999789237976, 0.7440000176429749, 0.7851999998092651, 0.8176000118255615, 0.840399980545044, 0.8740000128746033, 0.868399977684021, 0.8880000114440918, 0.9071999788284302, 0.9160000085830688, 0.9052000045776367, 0.921999990940094, 0.9283999800682068, 0.9279999732971191, 0.9300000071525574, 0.9204000234603882, 0.9215999841690063, 0.9399999976158142, 0.9351999759674072, 0.9359999895095825, 0.9376000165939331], "val_loss": [0.6331547498703003, 0.5426148176193237, 0.4580996632575989, 0.4103563129901886, 0.35941147804260254, 0.3008538782596588, 0.31335902214050293, 0.25285130739212036, 0.23176342248916626, 0.20879626274108887, 0.22055868804454803, 0.19924283027648926, 0.17745687067508698, 0.17649565637111664, 0.17280082404613495, 0.1803705096244812, 0.18126989901065826, 0.14955610036849976, 0.16232164204120636, 0.15987354516983032, 0.1614323854446411], "learning_rate": [0.0010000000474974513, 0.0010000000474974513, 0.0010000000474974513, 0.0010000000474974513, 0.0010000000474974513, 0.0010000000474974513, 0.0010000000474974513, 0.0010000000474974513, 0.0010000000474974513, 0.0010000000474974513, 0.0010000000474974513, 0.0010000000474974513, 0.0010000000474974513, 0.0010000000474974513, 0.0010000000474974513, 0.0010000000474974513, 0.0010000000474974513, 0.0005000000237487257, 0.0005000000237487257, 0.0005000000237487257, 0.0002500000118743628]}