{"accuracy": [0.5344499945640564, 0.6507499814033508, 0.7382000088691711, 0.7867500185966492, 0.8185999989509583, 0.8423500061035156, 0.861299991607666, 0.8726500272750854, 0.8845999836921692, 0.8908500075340271, 0.8992000222206116, 0.9017999768257141, 0.9121500253677368, 0.9140999913215637, 0.9292500019073486, 0.9337000250816345, 0.9346500039100647, 0.9392499923706055, 0.9477999806404114, 0.9487000107765198, 0.9506499767303467, 0.9542499780654907], "loss": [0.6892993450164795, 0.6256974339485168, 0.5269683003425598, 0.45259013772010803, 0.40706080198287964, 0.35441282391548157, 0.31765785813331604, 0.29407215118408203, 0.2693195939064026, 0.25037211179733276, 0.2372322529554367, 0.22990769147872925, 0.21113325655460358, 0.20457391440868378, 0.1695469468832016, 0.15950733423233032, 0.15975786745548248, 0.14837917685508728, 0.1310194879770279, 0.12642766535282135, 0.12019950151443481, 0.1106659322977066], "val_accuracy": [0.6011999845504761, 0.7400000095367432, 0.7821999788284302, 0.8307999968528748, 0.86080002784729, 0.8700000047683716, 0.8755999803543091, 0.8984000086784363, 0.9115999937057495, 0.9110000133514404, 0.9174000024795532, 0.9229999780654907, 0.921999990940094, 0.9151999950408936, 0.9312000274658203, 0.9355999827384949, 0.9300000071525574, 0.9330000281333923, 0.9401999711990356, 0.9369999766349792, 0.9355999827384949, 0.9368000030517578], "val_loss": [0.6662325263023376, 0.5338927507400513, 0.4616732895374298, 0.38866785168647766, 0.3364315927028656, 0.31345516443252563, 0.30214840173721313, 0.24637924134731293, 0.21780075132846832, 0.2140437215566635, 0.2067098617553711, 0.1930420845746994, 0.20079584419727325, 0.2024908810853958, 0.1737522929906845, 0.1663184016942978, 0.1759863793849945, 0.1789873242378235, 0.15727870166301727, 0.1614867001771927, 0.17285878956317902, 0.1585390567779541], "learning_rate": [0.0010000000474974513, 0.0010000000474974513, 0.0010000000474974513, 0.0010000000474974513, 0.0010000000474974513, 0.0010000000474974513, 0.0010000000474974513, 0.0010000000474974513, 0.0010000000474974513, 0.0010000000474974513, 0.0010000000474974513, 0.0010000000474974513, 0.0010000000474974513, 0.0010000000474974513, 0.0005000000237487257, 0.0005000000237487257, 0.0005000000237487257, 0.0005000000237487257, 0.0002500000118743628, 0.0002500000118743628, 0.0002500000118743628, 0.0001250000059371814]}